<?xml version="1.0" encoding="UTF-8"?><idempiere Name="ImportOrderAndInventoryWIndow" Version="2.1.4" idempiereVersion="" DataBaseVersion="" Description="" Author="" AuthorEmail="" CreatedDate="2020-10-19 10:38:52.193" UpdatedDate="2020-10-19 10:38:52.193" PackOutVersion="100" UpdateDictionary="false" Client="0-SYSTEM-System" AD_Client_UU="11237b53-9592-4af1-b3c5-afd216514b5d">
    <AD_Process type="table">
        <AD_Client_ID>0</AD_Client_ID>
        <AD_Org_ID>0</AD_Org_ID>
        <IsActive>Y</IsActive>
        <Name>FTUImport Orders</Name>
        <Description>Import Orders</Description>
        <Help>The Parameters are default values for null import record values, they do not overwrite any data.
Note that only Prepare and Complete are valid document actions.</Help>
        <ProcedureName/>
        <IsReport>N</IsReport>
        <Value>FTUImport_Order</Value>
        <IsDirectPrint>N</IsDirectPrint>
        <AD_ReportView_ID reference="id"/>
        <Classname>net.frontuari.process.ImportOrder</Classname>
        <AccessLevel>3</AccessLevel>
        <EntityType>FTU</EntityType>
        <Statistic_Count>8</Statistic_Count>
        <Statistic_Seconds>216</Statistic_Seconds>
        <AD_PrintFormat_ID reference="id"/>
        <WorkflowValue/>
        <AD_Workflow_ID reference="id"/>
        <IsBetaFunctionality>N</IsBetaFunctionality>
        <IsServerProcess>N</IsServerProcess>
        <ShowHelp>Y</ShowHelp>
        <JasperReport/>
        <AD_Form_ID reference="id"/>
        <CopyFromProcess/>
        <AD_Process_UU>d7d0abf3-5798-47b3-bf38-d56030004f16</AD_Process_UU>
        <AD_CtxHelp_ID reference="id"/>
        <ExecutionType/>
        <AllowMultipleExecution>P</AllowMultipleExecution>
        <AD_Process_Trl type="translation">
            <Help>The Parameters are default values for null import record values, they do not overwrite any data.
Note that only Prepare and Complete are valid document actions.</Help>
            <Description>Import Orders</Description>
            <Name>Import Orders</Name>
            <AD_Language>es_CO</AD_Language>
            <IsActive>Y</IsActive>
            <IsTranslated>N</IsTranslated>
        </AD_Process_Trl>
        <AD_Process_Para type="table">
            <AD_Client_ID>0</AD_Client_ID>
            <AD_Org_ID>0</AD_Org_ID>
            <IsActive>Y</IsActive>
            <Name>Delete old imported records</Name>
            <Description>Before processing delete old imported records in the import table</Description>
            <Help/>
            <AD_Process_ID reference="uuid" reference-key="AD_Process">d7d0abf3-5798-47b3-bf38-d56030004f16</AD_Process_ID>
            <SeqNo>40</SeqNo>
            <AD_Reference_ID reference="id">20</AD_Reference_ID>
            <AD_Reference_Value_ID reference="id"/>
            <IsRange>N</IsRange>
            <AD_Val_Rule_ID reference="id"/>
            <FieldLength>1</FieldLength>
            <IsMandatory>N</IsMandatory>
            <DefaultValue/>
            <VFormat/>
            <ValueMin/>
            <ValueMax/>
            <ColumnName>DeleteOldImported</ColumnName>
            <DefaultValue2/>
            <IsCentrallyMaintained>Y</IsCentrallyMaintained>
            <EntityType>U</EntityType>
            <AD_Element_ID reference="id">1922</AD_Element_ID>
            <ReadOnlyLogic/>
            <DisplayLogic/>
            <AD_Process_Para_UU>f3a35654-1538-4757-b33f-bfb75bbf650a</AD_Process_Para_UU>
            <IsEncrypted>N</IsEncrypted>
            <MandatoryLogic/>
            <Placeholder/>
            <Placeholder2/>
            <AD_Process_Para_Trl type="translation">
                <Help/>
                <Name>Borrar viejos registros importados</Name>
                <Description>Antes de procesar, borrar los viejos registros importados</Description>
                <Placeholder/>
                <Placeholder2/>
                <AD_Language>es_CO</AD_Language>
                <IsActive>Y</IsActive>
                <IsTranslated>Y</IsTranslated>
            </AD_Process_Para_Trl>
        </AD_Process_Para>
        <AD_Process_Para type="table">
            <AD_Client_ID>0</AD_Client_ID>
            <AD_Org_ID>0</AD_Org_ID>
            <IsActive>Y</IsActive>
            <Name>Document Action</Name>
            <Description>The targeted status of the document</Description>
            <Help>You find the current status in the Document Status field. The options are listed in a popup</Help>
            <AD_Process_ID reference="uuid" reference-key="AD_Process">d7d0abf3-5798-47b3-bf38-d56030004f16</AD_Process_ID>
            <SeqNo>30</SeqNo>
            <AD_Reference_ID reference="id">17</AD_Reference_ID>
            <AD_Reference_Value_ID reference="id">135</AD_Reference_Value_ID>
            <IsRange>N</IsRange>
            <AD_Val_Rule_ID reference="id">219</AD_Val_Rule_ID>
            <FieldLength>1</FieldLength>
            <IsMandatory>N</IsMandatory>
            <DefaultValue>PR</DefaultValue>
            <VFormat/>
            <ValueMin/>
            <ValueMax/>
            <ColumnName>DocAction</ColumnName>
            <DefaultValue2/>
            <IsCentrallyMaintained>Y</IsCentrallyMaintained>
            <EntityType>U</EntityType>
            <AD_Element_ID reference="id">287</AD_Element_ID>
            <ReadOnlyLogic/>
            <DisplayLogic/>
            <AD_Process_Para_UU>2f5a1c0c-d0d3-49a8-bfcf-405b7e822b69</AD_Process_Para_UU>
            <IsEncrypted>N</IsEncrypted>
            <MandatoryLogic/>
            <Placeholder/>
            <Placeholder2/>
            <AD_Process_Para_Trl type="translation">
                <Help>Usted encuentra el estado actual en el campo Estado del Documento. Las opciones son listadas en una ventana emergente</Help>
                <Name>Acción</Name>
                <Description>El estado destino del documento</Description>
                <Placeholder/>
                <Placeholder2/>
                <AD_Language>es_CO</AD_Language>
                <IsActive>Y</IsActive>
                <IsTranslated>Y</IsTranslated>
            </AD_Process_Para_Trl>
        </AD_Process_Para>
        <AD_Process_Para type="table">
            <AD_Client_ID>0</AD_Client_ID>
            <AD_Org_ID>0</AD_Org_ID>
            <IsActive>Y</IsActive>
            <Name>Organization</Name>
            <Description>Organizational entity within client</Description>
            <Help>An organization is a unit of your client or legal entity - examples are store, department. You can share data between organizations.</Help>
            <AD_Process_ID reference="uuid" reference-key="AD_Process">d7d0abf3-5798-47b3-bf38-d56030004f16</AD_Process_ID>
            <SeqNo>20</SeqNo>
            <AD_Reference_ID reference="id">19</AD_Reference_ID>
            <AD_Reference_Value_ID reference="id"/>
            <IsRange>N</IsRange>
            <AD_Val_Rule_ID reference="id">130</AD_Val_Rule_ID>
            <FieldLength>10</FieldLength>
            <IsMandatory>Y</IsMandatory>
            <DefaultValue>-1</DefaultValue>
            <VFormat/>
            <ValueMin/>
            <ValueMax/>
            <ColumnName>AD_Org_ID</ColumnName>
            <DefaultValue2/>
            <IsCentrallyMaintained>Y</IsCentrallyMaintained>
            <EntityType>U</EntityType>
            <AD_Element_ID reference="id">113</AD_Element_ID>
            <ReadOnlyLogic/>
            <DisplayLogic/>
            <AD_Process_Para_UU>fd4c050b-e3fa-4e23-b7f9-47e1e21509dd</AD_Process_Para_UU>
            <IsEncrypted>N</IsEncrypted>
            <MandatoryLogic/>
            <Placeholder/>
            <Placeholder2/>
            <AD_Process_Para_Trl type="translation">
                <Help>Una organización es una unidad del grupo empresarial o entidad legal - Ej. Tiendas y departamentos. Es posible compartir datos entre organizaciones.</Help>
                <Name>Organización</Name>
                <Description>Entidad organizacional dentro del grupo empresarial</Description>
                <Placeholder/>
                <Placeholder2/>
                <AD_Language>es_CO</AD_Language>
                <IsActive>Y</IsActive>
                <IsTranslated>Y</IsTranslated>
            </AD_Process_Para_Trl>
        </AD_Process_Para>
        <AD_Process_Para type="table">
            <AD_Client_ID>0</AD_Client_ID>
            <AD_Org_ID>0</AD_Org_ID>
            <IsActive>Y</IsActive>
            <Name>Client</Name>
            <Description>Client/Tenant for this installation.</Description>
            <Help>A Client is a company or a legal entity. You cannot share data between Clients. Tenant is a synonym for Client.</Help>
            <AD_Process_ID reference="uuid" reference-key="AD_Process">d7d0abf3-5798-47b3-bf38-d56030004f16</AD_Process_ID>
            <SeqNo>10</SeqNo>
            <AD_Reference_ID reference="id">19</AD_Reference_ID>
            <AD_Reference_Value_ID reference="id"/>
            <IsRange>N</IsRange>
            <AD_Val_Rule_ID reference="id">129</AD_Val_Rule_ID>
            <FieldLength>10</FieldLength>
            <IsMandatory>Y</IsMandatory>
            <DefaultValue/>
            <VFormat/>
            <ValueMin/>
            <ValueMax/>
            <ColumnName>AD_Client_ID</ColumnName>
            <DefaultValue2/>
            <IsCentrallyMaintained>Y</IsCentrallyMaintained>
            <EntityType>U</EntityType>
            <AD_Element_ID reference="id">102</AD_Element_ID>
            <ReadOnlyLogic/>
            <DisplayLogic/>
            <AD_Process_Para_UU>8843b03e-2631-4204-9310-ca05fe4e9ee3</AD_Process_Para_UU>
            <IsEncrypted>N</IsEncrypted>
            <MandatoryLogic/>
            <Placeholder/>
            <Placeholder2/>
            <AD_Process_Para_Trl type="translation">
                <Help>Grupo Empresarial. No se pueden compartir datos entre diferentes grupos empresariales.</Help>
                <Name>Grupo Empresarial</Name>
                <Description>Grupo Empresarial para esta instalación</Description>
                <Placeholder/>
                <Placeholder2/>
                <AD_Language>es_CO</AD_Language>
                <IsActive>Y</IsActive>
                <IsTranslated>Y</IsTranslated>
            </AD_Process_Para_Trl>
        </AD_Process_Para>
    </AD_Process>
    <AD_Column type="table">
        <IsSyncDatabase>Y</IsSyncDatabase>
        <AD_Table_ID reference="id">591</AD_Table_ID>
        <AD_Reference_Value_ID reference="id"/>
        <AD_Client_ID>0</AD_Client_ID>
        <AD_Org_ID>0</AD_Org_ID>
        <Version>0</Version>
        <Name>UOM Name</Name>
        <Description/>
        <Help/>
        <AD_Val_Rule_ID reference="id"/>
        <ColumnName>UOMName</ColumnName>
        <DefaultValue/>
        <FieldLength>10</FieldLength>
        <IsKey>N</IsKey>
        <IsParent>N</IsParent>
        <IsMandatory>N</IsMandatory>
        <IsTranslated>N</IsTranslated>
        <IsIdentifier>N</IsIdentifier>
        <SeqNo>0</SeqNo>
        <IsEncrypted>N</IsEncrypted>
        <AD_Reference_ID reference="id">10</AD_Reference_ID>
        <IsActive>Y</IsActive>
        <VFormat/>
        <Callout/>
        <AD_Element_ID reference="id">202275</AD_Element_ID>
        <IsUpdateable>N</IsUpdateable>
        <AD_Process_ID reference="id"/>
        <ValueMin/>
        <ValueMax/>
        <IsSelectionColumn>Y</IsSelectionColumn>
        <ReadOnlyLogic/>
        <EntityType>FTU</EntityType>
        <IsAlwaysUpdateable>N</IsAlwaysUpdateable>
        <ColumnSQL/>
        <MandatoryLogic/>
        <IsAutocomplete>N</IsAutocomplete>
        <IsAllowLogging>Y</IsAllowLogging>
        <FormatPattern/>
        <AD_Chart_ID reference="id"/>
        <AD_Column_UU>1afd768d-018a-4dc0-9e47-93dffa2eb1ec</AD_Column_UU>
        <IsAllowCopy>Y</IsAllowCopy>
        <SeqNoSelection>10</SeqNoSelection>
        <IsToolbarButton>N</IsToolbarButton>
        <IsSecure>N</IsSecure>
        <FKConstraintName/>
        <FKConstraintType>N</FKConstraintType>
        <PA_DashboardContent_ID reference="id"/>
        <Placeholder/>
        <IsHtml>N</IsHtml>
    </AD_Column>
    <AD_Element type="table">
        <AD_Client_ID>0</AD_Client_ID>
        <AD_Org_ID>0</AD_Org_ID>
        <IsActive>Y</IsActive>
        <ColumnName>ActivityName</ColumnName>
        <Name>ActivityName</Name>
        <Description>ActivityName</Description>
        <Help>ActivityName</Help>
        <PrintName>ActivityName</PrintName>
        <PO_Description/>
        <PO_Help/>
        <PO_Name/>
        <PO_PrintName/>
        <EntityType>FTU</EntityType>
        <AD_Element_UU>0a6fb6c0-5814-4f9d-a6f8-793f4213314b</AD_Element_UU>
        <Placeholder/>
        <AD_Element_Trl type="translation">
            <Help>ActivityName</Help>
            <PO_Description/>
            <PO_Help/>
            <Name>ActivityName</Name>
            <Description>ActivityName</Description>
            <PrintName>ActivityName</PrintName>
            <PO_Name/>
            <PO_PrintName/>
            <Placeholder/>
            <AD_Language>es_CO</AD_Language>
            <IsActive>Y</IsActive>
            <IsTranslated>N</IsTranslated>
        </AD_Element_Trl>
    </AD_Element>
    <AD_Column type="table">
        <IsSyncDatabase>Y</IsSyncDatabase>
        <AD_Table_ID reference="id">591</AD_Table_ID>
        <AD_Reference_Value_ID reference="id"/>
        <AD_Client_ID>0</AD_Client_ID>
        <AD_Org_ID>0</AD_Org_ID>
        <Version>0</Version>
        <Name>ActivityName</Name>
        <Description>ActivityName</Description>
        <Help>ActivityName</Help>
        <AD_Val_Rule_ID reference="id"/>
        <ColumnName>ActivityName</ColumnName>
        <DefaultValue/>
        <FieldLength>255</FieldLength>
        <IsKey>N</IsKey>
        <IsParent>N</IsParent>
        <IsMandatory>N</IsMandatory>
        <IsTranslated>N</IsTranslated>
        <IsIdentifier>N</IsIdentifier>
        <SeqNo>0</SeqNo>
        <IsEncrypted>N</IsEncrypted>
        <AD_Reference_ID reference="id">10</AD_Reference_ID>
        <IsActive>Y</IsActive>
        <VFormat/>
        <Callout/>
        <AD_Element_ID reference="uuid" reference-key="AD_Element">0a6fb6c0-5814-4f9d-a6f8-793f4213314b</AD_Element_ID>
        <IsUpdateable>Y</IsUpdateable>
        <AD_Process_ID reference="id"/>
        <ValueMin/>
        <ValueMax/>
        <IsSelectionColumn>Y</IsSelectionColumn>
        <ReadOnlyLogic/>
        <EntityType>FTU</EntityType>
        <IsAlwaysUpdateable>N</IsAlwaysUpdateable>
        <ColumnSQL/>
        <MandatoryLogic/>
        <IsAutocomplete>N</IsAutocomplete>
        <IsAllowLogging>Y</IsAllowLogging>
        <FormatPattern/>
        <AD_Chart_ID reference="id"/>
        <AD_Column_UU>36e86aad-4a92-4036-ba99-79509549ede3</AD_Column_UU>
        <IsAllowCopy>Y</IsAllowCopy>
        <SeqNoSelection>20</SeqNoSelection>
        <IsToolbarButton>N</IsToolbarButton>
        <IsSecure>N</IsSecure>
        <FKConstraintName/>
        <FKConstraintType>N</FKConstraintType>
        <PA_DashboardContent_ID reference="id"/>
        <Placeholder/>
        <IsHtml>N</IsHtml>
    </AD_Column>
    <AD_Element type="table">
        <AD_Client_ID>0</AD_Client_ID>
        <AD_Org_ID>0</AD_Org_ID>
        <IsActive>Y</IsActive>
        <ColumnName>User1Name</ColumnName>
        <Name>User1Name</Name>
        <Description>User1Name</Description>
        <Help>User1Name</Help>
        <PrintName>User1Name</PrintName>
        <PO_Description/>
        <PO_Help/>
        <PO_Name/>
        <PO_PrintName/>
        <EntityType>FTU</EntityType>
        <AD_Element_UU>11fa59bd-b512-4ed9-a1f8-70f75d44853c</AD_Element_UU>
        <Placeholder>User1Name</Placeholder>
        <AD_Element_Trl type="translation">
            <Help>User1Name</Help>
            <PO_Description/>
            <PO_Help/>
            <Name>User1Name</Name>
            <Description>User1Name</Description>
            <PrintName>User1Name</PrintName>
            <PO_Name/>
            <PO_PrintName/>
            <Placeholder>User1Name</Placeholder>
            <AD_Language>es_CO</AD_Language>
            <IsActive>Y</IsActive>
            <IsTranslated>N</IsTranslated>
        </AD_Element_Trl>
    </AD_Element>
    <AD_Column type="table">
        <IsSyncDatabase>Y</IsSyncDatabase>
        <AD_Table_ID reference="id">591</AD_Table_ID>
        <AD_Reference_Value_ID reference="id"/>
        <AD_Client_ID>0</AD_Client_ID>
        <AD_Org_ID>0</AD_Org_ID>
        <Version>0</Version>
        <Name>User1Name</Name>
        <Description>User1Name</Description>
        <Help>User1Name</Help>
        <AD_Val_Rule_ID reference="id"/>
        <ColumnName>User1Name</ColumnName>
        <DefaultValue/>
        <FieldLength>255</FieldLength>
        <IsKey>N</IsKey>
        <IsParent>N</IsParent>
        <IsMandatory>N</IsMandatory>
        <IsTranslated>N</IsTranslated>
        <IsIdentifier>N</IsIdentifier>
        <SeqNo>0</SeqNo>
        <IsEncrypted>N</IsEncrypted>
        <AD_Reference_ID reference="id">10</AD_Reference_ID>
        <IsActive>Y</IsActive>
        <VFormat/>
        <Callout/>
        <AD_Element_ID reference="uuid" reference-key="AD_Element">11fa59bd-b512-4ed9-a1f8-70f75d44853c</AD_Element_ID>
        <IsUpdateable>Y</IsUpdateable>
        <AD_Process_ID reference="id"/>
        <ValueMin/>
        <ValueMax/>
        <IsSelectionColumn>Y</IsSelectionColumn>
        <ReadOnlyLogic/>
        <EntityType>FTU</EntityType>
        <IsAlwaysUpdateable>N</IsAlwaysUpdateable>
        <ColumnSQL/>
        <MandatoryLogic/>
        <IsAutocomplete>N</IsAutocomplete>
        <IsAllowLogging>Y</IsAllowLogging>
        <FormatPattern/>
        <AD_Chart_ID reference="id"/>
        <AD_Column_UU>116ccca5-f41d-435b-adad-399bc397f123</AD_Column_UU>
        <IsAllowCopy>Y</IsAllowCopy>
        <SeqNoSelection>30</SeqNoSelection>
        <IsToolbarButton>N</IsToolbarButton>
        <IsSecure>N</IsSecure>
        <FKConstraintName/>
        <FKConstraintType>N</FKConstraintType>
        <PA_DashboardContent_ID reference="id"/>
        <Placeholder>User1Name</Placeholder>
        <IsHtml>N</IsHtml>
    </AD_Column>
    <AD_Column type="table">
        <IsSyncDatabase>Y</IsSyncDatabase>
        <AD_Table_ID reference="id">591</AD_Table_ID>
        <AD_Reference_Value_ID reference="id">134</AD_Reference_Value_ID>
        <AD_Client_ID>0</AD_Client_ID>
        <AD_Org_ID>0</AD_Org_ID>
        <Version>0</Version>
        <Name>User Element List 1</Name>
        <Description>User defined list element #1</Description>
        <Help>The user defined element displays the optional elements that have been defined for this account combination.</Help>
        <AD_Val_Rule_ID reference="id"/>
        <ColumnName>User1_ID</ColumnName>
        <DefaultValue/>
        <FieldLength>10</FieldLength>
        <IsKey>N</IsKey>
        <IsParent>N</IsParent>
        <IsMandatory>N</IsMandatory>
        <IsTranslated>N</IsTranslated>
        <IsIdentifier>N</IsIdentifier>
        <SeqNo>0</SeqNo>
        <IsEncrypted>N</IsEncrypted>
        <AD_Reference_ID reference="id">18</AD_Reference_ID>
        <IsActive>Y</IsActive>
        <VFormat/>
        <Callout/>
        <AD_Element_ID reference="id">613</AD_Element_ID>
        <IsUpdateable>N</IsUpdateable>
        <AD_Process_ID reference="id"/>
        <ValueMin/>
        <ValueMax/>
        <IsSelectionColumn>N</IsSelectionColumn>
        <ReadOnlyLogic/>
        <EntityType>U</EntityType>
        <IsAlwaysUpdateable>N</IsAlwaysUpdateable>
        <ColumnSQL/>
        <MandatoryLogic/>
        <IsAutocomplete>N</IsAutocomplete>
        <IsAllowLogging>Y</IsAllowLogging>
        <FormatPattern/>
        <AD_Chart_ID reference="id"/>
        <AD_Column_UU>e9bfe433-bb0f-435f-b5b1-fb0ffff35c58</AD_Column_UU>
        <IsAllowCopy>Y</IsAllowCopy>
        <SeqNoSelection>0</SeqNoSelection>
        <IsToolbarButton>N</IsToolbarButton>
        <IsSecure>N</IsSecure>
        <FKConstraintName>User1_IOrder</FKConstraintName>
        <FKConstraintType>N</FKConstraintType>
        <PA_DashboardContent_ID reference="id"/>
        <Placeholder/>
        <IsHtml>N</IsHtml>
    </AD_Column>
    <AD_TableIndex type="table">
        <AD_TableIndex_ID>200688</AD_TableIndex_ID>
        <AD_Client_ID>0</AD_Client_ID>
        <AD_Org_ID>0</AD_Org_ID>
        <AD_TableIndex_ID>200688</AD_TableIndex_ID>
        <AD_TableIndex_UU>5e94330d-8e8a-4c18-92c8-dd8cb0d50758</AD_TableIndex_UU>
        <Description/>
        <EntityType>D</EntityType>
        <IsActive>Y</IsActive>
        <Name>i_order_uu_idx</Name>
        <AD_Table_ID reference="id">591</AD_Table_ID>
        <Help/>
        <IsCreateConstraint>N</IsCreateConstraint>
        <IsUnique>Y</IsUnique>
        <Processing>N</Processing>
        <AD_Message_ID reference="id"/>
        <TableIndexDrop/>
        <IsKey>N</IsKey>
        <AD_IndexColumn type="table">
            <AD_IndexColumn_ID>200827</AD_IndexColumn_ID>
            <AD_Client_ID>0</AD_Client_ID>
            <AD_Org_ID>0</AD_Org_ID>
            <AD_IndexColumn_ID>200827</AD_IndexColumn_ID>
            <AD_IndexColumn_UU>ba3a0c06-05a3-4c7b-b675-e73eb924fdc4</AD_IndexColumn_UU>
            <EntityType>D</EntityType>
            <IsActive>Y</IsActive>
            <AD_Column_ID reference="id">60845</AD_Column_ID>
            <AD_TableIndex_ID reference="id">200688</AD_TableIndex_ID>
            <ColumnSQL/>
            <SeqNo>1</SeqNo>
        </AD_IndexColumn>
    </AD_TableIndex>
    <AD_Field type="table">
        <AD_Client_ID>0</AD_Client_ID>
        <AD_Org_ID>0</AD_Org_ID>
        <Name>UOM Name</Name>
        <Description/>
        <Help/>
        <AD_Tab_ID reference="id">512</AD_Tab_ID>
        <AD_Column_ID reference="uuid" reference-key="AD_Column">1afd768d-018a-4dc0-9e47-93dffa2eb1ec</AD_Column_ID>
        <IsDisplayed>Y</IsDisplayed>
        <DisplayLogic/>
        <DisplayLength>0</DisplayLength>
        <SeqNo>500</SeqNo>
        <SortNo>0</SortNo>
        <IsSameLine>N</IsSameLine>
        <IsHeading>N</IsHeading>
        <IsFieldOnly>N</IsFieldOnly>
        <IsEncrypted>N</IsEncrypted>
        <IsActive>Y</IsActive>
        <IsReadOnly>N</IsReadOnly>
        <IsCentrallyMaintained>Y</IsCentrallyMaintained>
        <AD_FieldGroup_ID reference="id"/>
        <EntityType>FTU</EntityType>
        <ObscureType/>
        <AD_Reference_ID reference="id"/>
        <IsMandatory/>
        <DefaultValue/>
        <AD_Reference_Value_ID reference="id"/>
        <AD_Val_Rule_ID reference="id"/>
        <Included_Tab_ID reference="id"/>
        <AD_Field_UU>886d0680-7ec8-455f-a8a9-6ab99ef13089</AD_Field_UU>
        <IsAllowCopy/>
        <IsDisplayedGrid>Y</IsDisplayedGrid>
        <SeqNoGrid>630</SeqNoGrid>
        <XPosition>4</XPosition>
        <ColumnSpan>1</ColumnSpan>
        <NumLines>1</NumLines>
        <IsQuickEntry>N</IsQuickEntry>
        <IsUpdateable/>
        <IsAlwaysUpdateable/>
        <MandatoryLogic/>
        <ReadOnlyLogic/>
        <IsToolbarButton/>
        <IsDefaultFocus>N</IsDefaultFocus>
        <IsAdvancedField>N</IsAdvancedField>
        <VFormat/>
        <AD_LabelStyle_ID reference="id"/>
        <AD_FieldStyle_ID reference="id"/>
        <Placeholder/>
        <AD_Field_Trl type="translation">
            <Help/>
            <Description/>
            <Name>UOM Name</Name>
            <Placeholder/>
            <AD_Language>es_CO</AD_Language>
            <IsActive>Y</IsActive>
            <IsTranslated>N</IsTranslated>
        </AD_Field_Trl>
    </AD_Field>
    <AD_Field type="table">
        <AD_Client_ID>0</AD_Client_ID>
        <AD_Org_ID>0</AD_Org_ID>
        <Name>ActivityName</Name>
        <Description>ActivityName</Description>
        <Help>ActivityName</Help>
        <AD_Tab_ID reference="id">512</AD_Tab_ID>
        <AD_Column_ID reference="uuid" reference-key="AD_Column">36e86aad-4a92-4036-ba99-79509549ede3</AD_Column_ID>
        <IsDisplayed>Y</IsDisplayed>
        <DisplayLogic/>
        <DisplayLength>0</DisplayLength>
        <SeqNo>580</SeqNo>
        <SortNo>0</SortNo>
        <IsSameLine>N</IsSameLine>
        <IsHeading>N</IsHeading>
        <IsFieldOnly>N</IsFieldOnly>
        <IsEncrypted>N</IsEncrypted>
        <IsActive>Y</IsActive>
        <IsReadOnly>N</IsReadOnly>
        <IsCentrallyMaintained>Y</IsCentrallyMaintained>
        <AD_FieldGroup_ID reference="id"/>
        <EntityType>FTU</EntityType>
        <ObscureType/>
        <AD_Reference_ID reference="id"/>
        <IsMandatory/>
        <DefaultValue/>
        <AD_Reference_Value_ID reference="id"/>
        <AD_Val_Rule_ID reference="id"/>
        <Included_Tab_ID reference="id"/>
        <AD_Field_UU>b6917661-171c-4c90-b94c-63f72def4ccf</AD_Field_UU>
        <IsAllowCopy/>
        <IsDisplayedGrid>Y</IsDisplayedGrid>
        <SeqNoGrid>620</SeqNoGrid>
        <XPosition>4</XPosition>
        <ColumnSpan>1</ColumnSpan>
        <NumLines>1</NumLines>
        <IsQuickEntry>N</IsQuickEntry>
        <IsUpdateable/>
        <IsAlwaysUpdateable/>
        <MandatoryLogic/>
        <ReadOnlyLogic/>
        <IsToolbarButton/>
        <IsDefaultFocus>N</IsDefaultFocus>
        <IsAdvancedField>N</IsAdvancedField>
        <VFormat/>
        <AD_LabelStyle_ID reference="id"/>
        <AD_FieldStyle_ID reference="id"/>
        <Placeholder/>
        <AD_Field_Trl type="translation">
            <Help>ActivityName</Help>
            <Description>ActivityName</Description>
            <Name>ActivityName</Name>
            <Placeholder/>
            <AD_Language>es_CO</AD_Language>
            <IsActive>Y</IsActive>
            <IsTranslated>N</IsTranslated>
        </AD_Field_Trl>
    </AD_Field>
    <AD_Field type="table">
        <AD_Client_ID>0</AD_Client_ID>
        <AD_Org_ID>0</AD_Org_ID>
        <Name>User1Name</Name>
        <Description>User1Name</Description>
        <Help>User1Name</Help>
        <AD_Tab_ID reference="id">512</AD_Tab_ID>
        <AD_Column_ID reference="uuid" reference-key="AD_Column">116ccca5-f41d-435b-adad-399bc397f123</AD_Column_ID>
        <IsDisplayed>Y</IsDisplayed>
        <DisplayLogic/>
        <DisplayLength>0</DisplayLength>
        <SeqNo>590</SeqNo>
        <SortNo>0</SortNo>
        <IsSameLine>N</IsSameLine>
        <IsHeading>N</IsHeading>
        <IsFieldOnly>N</IsFieldOnly>
        <IsEncrypted>N</IsEncrypted>
        <IsActive>Y</IsActive>
        <IsReadOnly>N</IsReadOnly>
        <IsCentrallyMaintained>Y</IsCentrallyMaintained>
        <AD_FieldGroup_ID reference="id"/>
        <EntityType>FTU</EntityType>
        <ObscureType/>
        <AD_Reference_ID reference="id"/>
        <IsMandatory/>
        <DefaultValue/>
        <AD_Reference_Value_ID reference="id"/>
        <AD_Val_Rule_ID reference="id"/>
        <Included_Tab_ID reference="id"/>
        <AD_Field_UU>c9ae0873-8657-4ba6-8d2e-467849dd9cfd</AD_Field_UU>
        <IsAllowCopy/>
        <IsDisplayedGrid>Y</IsDisplayedGrid>
        <SeqNoGrid>640</SeqNoGrid>
        <XPosition>1</XPosition>
        <ColumnSpan>1</ColumnSpan>
        <NumLines>1</NumLines>
        <IsQuickEntry>N</IsQuickEntry>
        <IsUpdateable/>
        <IsAlwaysUpdateable/>
        <MandatoryLogic/>
        <ReadOnlyLogic/>
        <IsToolbarButton/>
        <IsDefaultFocus>N</IsDefaultFocus>
        <IsAdvancedField>N</IsAdvancedField>
        <VFormat/>
        <AD_LabelStyle_ID reference="id"/>
        <AD_FieldStyle_ID reference="id"/>
        <Placeholder/>
        <AD_Field_Trl type="translation">
            <Help>User1Name</Help>
            <Description>User1Name</Description>
            <Name>User1Name</Name>
            <Placeholder/>
            <AD_Language>es_CO</AD_Language>
            <IsActive>Y</IsActive>
            <IsTranslated>N</IsTranslated>
        </AD_Field_Trl>
    </AD_Field>
    <AD_Field type="table">
        <AD_Client_ID>0</AD_Client_ID>
        <AD_Org_ID>0</AD_Org_ID>
        <Name>User Element List 1</Name>
        <Description>User defined list element #1</Description>
        <Help>The user defined element displays the optional elements that have been defined for this account combination.</Help>
        <AD_Tab_ID reference="id">512</AD_Tab_ID>
        <AD_Column_ID reference="uuid" reference-key="AD_Column">e9bfe433-bb0f-435f-b5b1-fb0ffff35c58</AD_Column_ID>
        <IsDisplayed>Y</IsDisplayed>
        <DisplayLogic/>
        <DisplayLength>0</DisplayLength>
        <SeqNo>600</SeqNo>
        <SortNo>0</SortNo>
        <IsSameLine>N</IsSameLine>
        <IsHeading>N</IsHeading>
        <IsFieldOnly>N</IsFieldOnly>
        <IsEncrypted>N</IsEncrypted>
        <IsActive>Y</IsActive>
        <IsReadOnly>N</IsReadOnly>
        <IsCentrallyMaintained>Y</IsCentrallyMaintained>
        <AD_FieldGroup_ID reference="id"/>
        <EntityType>FTU</EntityType>
        <ObscureType/>
        <AD_Reference_ID reference="id"/>
        <IsMandatory/>
        <DefaultValue/>
        <AD_Reference_Value_ID reference="id"/>
        <AD_Val_Rule_ID reference="id"/>
        <Included_Tab_ID reference="id"/>
        <AD_Field_UU>8d44ffb1-8f91-469b-938f-a54fa9c1fa3e</AD_Field_UU>
        <IsAllowCopy/>
        <IsDisplayedGrid>Y</IsDisplayedGrid>
        <SeqNoGrid>650</SeqNoGrid>
        <XPosition>4</XPosition>
        <ColumnSpan>1</ColumnSpan>
        <NumLines>1</NumLines>
        <IsQuickEntry>N</IsQuickEntry>
        <IsUpdateable/>
        <IsAlwaysUpdateable/>
        <MandatoryLogic/>
        <ReadOnlyLogic/>
        <IsToolbarButton/>
        <IsDefaultFocus>N</IsDefaultFocus>
        <IsAdvancedField>N</IsAdvancedField>
        <VFormat/>
        <AD_LabelStyle_ID reference="id"/>
        <AD_FieldStyle_ID reference="id"/>
        <Placeholder/>
        <AD_Field_Trl type="translation">
            <Help>The user defined element displays the optional elements that have been defined for this account combination.</Help>
            <Description>User defined list element #1</Description>
            <Name>User Element List 1</Name>
            <Placeholder/>
            <AD_Language>es_CO</AD_Language>
            <IsActive>Y</IsActive>
            <IsTranslated>N</IsTranslated>
        </AD_Field_Trl>
    </AD_Field>
    <AD_Process type="table">
        <AD_Client_ID>0</AD_Client_ID>
        <AD_Org_ID>0</AD_Org_ID>
        <IsActive>Y</IsActive>
        <Name>FTUImport Inventory</Name>
        <Description>Import Physical Inventory</Description>
        <Help>The Parameters are default values for null import record values, they do not overwrite any data.</Help>
        <ProcedureName/>
        <IsReport>N</IsReport>
        <Value>FTUImport_Inventory</Value>
        <IsDirectPrint>N</IsDirectPrint>
        <AD_ReportView_ID reference="id"/>
        <Classname>net.frontuari.process.ImportInventory</Classname>
        <AccessLevel>1</AccessLevel>
        <EntityType>FTU</EntityType>
        <Statistic_Count>0</Statistic_Count>
        <Statistic_Seconds>0</Statistic_Seconds>
        <AD_PrintFormat_ID reference="id"/>
        <WorkflowValue/>
        <AD_Workflow_ID reference="id"/>
        <IsBetaFunctionality>N</IsBetaFunctionality>
        <IsServerProcess>N</IsServerProcess>
        <ShowHelp>Y</ShowHelp>
        <JasperReport/>
        <AD_Form_ID reference="id"/>
        <CopyFromProcess/>
        <AD_Process_UU>e760fdfc-6f7c-43f8-8219-d329e00eb86e</AD_Process_UU>
        <AD_CtxHelp_ID reference="id"/>
        <ExecutionType/>
        <AllowMultipleExecution>P</AllowMultipleExecution>
        <AD_Process_Trl type="translation">
            <Help>The Parameters are default values for null import record values, they do not overwrite any data.</Help>
            <Description>Import Physical Inventory</Description>
            <Name>FTUImport Inventory</Name>
            <AD_Language>es_CO</AD_Language>
            <IsActive>Y</IsActive>
            <IsTranslated>N</IsTranslated>
        </AD_Process_Trl>
    </AD_Process>
    <AD_Column type="table">
        <IsSyncDatabase>Y</IsSyncDatabase>
        <AD_Table_ID reference="id">572</AD_Table_ID>
        <AD_Reference_Value_ID reference="id"/>
        <AD_Client_ID>0</AD_Client_ID>
        <AD_Org_ID>0</AD_Org_ID>
        <Version>0</Version>
        <Name>Product Name</Name>
        <Description>Name of the Product</Description>
        <Help/>
        <AD_Val_Rule_ID reference="id"/>
        <ColumnName>ProductName</ColumnName>
        <DefaultValue/>
        <FieldLength>255</FieldLength>
        <IsKey>N</IsKey>
        <IsParent>N</IsParent>
        <IsMandatory>N</IsMandatory>
        <IsTranslated>N</IsTranslated>
        <IsIdentifier>N</IsIdentifier>
        <SeqNo>0</SeqNo>
        <IsEncrypted>N</IsEncrypted>
        <AD_Reference_ID reference="id">10</AD_Reference_ID>
        <IsActive>Y</IsActive>
        <VFormat/>
        <Callout/>
        <AD_Element_ID reference="id">2659</AD_Element_ID>
        <IsUpdateable>N</IsUpdateable>
        <AD_Process_ID reference="id"/>
        <ValueMin/>
        <ValueMax/>
        <IsSelectionColumn>Y</IsSelectionColumn>
        <ReadOnlyLogic/>
        <EntityType>FTU</EntityType>
        <IsAlwaysUpdateable>N</IsAlwaysUpdateable>
        <ColumnSQL/>
        <MandatoryLogic/>
        <IsAutocomplete>N</IsAutocomplete>
        <IsAllowLogging>Y</IsAllowLogging>
        <FormatPattern/>
        <AD_Chart_ID reference="id"/>
        <AD_Column_UU>a05ed79c-0dbf-4bd2-aa47-6ba6c19c8d30</AD_Column_UU>
        <IsAllowCopy>Y</IsAllowCopy>
        <SeqNoSelection>10</SeqNoSelection>
        <IsToolbarButton>N</IsToolbarButton>
        <IsSecure>N</IsSecure>
        <FKConstraintName/>
        <FKConstraintType>N</FKConstraintType>
        <PA_DashboardContent_ID reference="id"/>
        <Placeholder/>
        <IsHtml>N</IsHtml>
    </AD_Column>
    <AD_TableIndex type="table">
        <AD_TableIndex_ID>200685</AD_TableIndex_ID>
        <AD_Client_ID>0</AD_Client_ID>
        <AD_Org_ID>0</AD_Org_ID>
        <AD_TableIndex_ID>200685</AD_TableIndex_ID>
        <AD_TableIndex_UU>57b5e603-a7aa-4522-b32a-d8ef1b5a2014</AD_TableIndex_UU>
        <Description/>
        <EntityType>D</EntityType>
        <IsActive>Y</IsActive>
        <Name>i_inventory_uu_idx</Name>
        <AD_Table_ID reference="id">572</AD_Table_ID>
        <Help/>
        <IsCreateConstraint>N</IsCreateConstraint>
        <IsUnique>Y</IsUnique>
        <Processing>N</Processing>
        <AD_Message_ID reference="id"/>
        <TableIndexDrop/>
        <IsKey>N</IsKey>
        <AD_IndexColumn type="table">
            <AD_IndexColumn_ID>200824</AD_IndexColumn_ID>
            <AD_Client_ID>0</AD_Client_ID>
            <AD_Org_ID>0</AD_Org_ID>
            <AD_IndexColumn_ID>200824</AD_IndexColumn_ID>
            <AD_IndexColumn_UU>c65fb080-c173-4296-b7ad-664b41b7f61d</AD_IndexColumn_UU>
            <EntityType>D</EntityType>
            <IsActive>Y</IsActive>
            <AD_Column_ID reference="id">60838</AD_Column_ID>
            <AD_TableIndex_ID reference="id">200685</AD_TableIndex_ID>
            <ColumnSQL/>
            <SeqNo>1</SeqNo>
        </AD_IndexColumn>
    </AD_TableIndex>
</idempiere>
