<?xml version="1.0" encoding="UTF-8"?><idempiere Name="ImportInvoiceAddControlNo" Version="2.1.1" idempiereVersion="" DataBaseVersion="" Description="Support for add column LVE_ControlNumber" Author="" AuthorEmail="jcolmenarez@frontuari.net" CreatedDate="2020-10-19 15:16:47.6" UpdatedDate="2020-10-19 15:16:47.6" PackOutVersion="100" UpdateDictionary="false" Client="0-SYSTEM-System" AD_Client_UU="11237b53-9592-4af1-b3c5-afd216514b5d">
    <AD_Menu type="table">
        <Parent_ID reference="id">163</Parent_ID>
        <SeqNo>11</SeqNo>
        <AD_Menu_ID>382</AD_Menu_ID>
        <AD_Client_ID>0</AD_Client_ID>
        <AD_Org_ID>0</AD_Org_ID>
        <AD_Menu_ID>382</AD_Menu_ID>
        <Name>Import Invoice</Name>
        <Description>Import Invoices</Description>
        <Action>W</Action>
        <AD_Window_ID reference="id">279</AD_Window_ID>
        <AD_Workflow_ID reference="id"/>
        <AD_Task_ID reference="id"/>
        <IsActive>Y</IsActive>
        <IsSummary>N</IsSummary>
        <AD_Process_ID reference="id"/>
        <IsSOTrx>Y</IsSOTrx>
        <AD_Form_ID reference="id"/>
        <IsReadOnly>N</IsReadOnly>
        <EntityType>D</EntityType>
        <IsCentrallyMaintained>Y</IsCentrallyMaintained>
        <AD_Menu_UU>1a15d6cb-b3fe-4f8f-b54e-10f5764c663a</AD_Menu_UU>
        <AD_InfoWindow_ID reference="id"/>
        <AD_Menu_Trl type="translation">
            <Name>Importar Facturas y CxC CxP</Name>
            <Description>Importar Facturas</Description>
            <AD_Language>es_CO</AD_Language>
            <IsActive>Y</IsActive>
            <IsTranslated>Y</IsTranslated>
        </AD_Menu_Trl>
        <AD_Process type="table">
            <AD_Client_ID>0</AD_Client_ID>
            <AD_Org_ID>0</AD_Org_ID>
            <IsActive>Y</IsActive>
            <Name>FTUImport Invoice</Name>
            <Description>Import Invoice</Description>
            <Help>The Parameters are default values for null import record values, they do not overwrite any data.
Note that only Prepare and Complete are valid document actions.</Help>
            <ProcedureName/>
            <IsReport>N</IsReport>
            <Value>FTUImport_Invoice</Value>
            <IsDirectPrint>N</IsDirectPrint>
            <AD_ReportView_ID reference="id"/>
            <Classname>net.frontuari.process.ImportInvoice</Classname>
            <AccessLevel>3</AccessLevel>
            <EntityType>FTU</EntityType>
            <Statistic_Count>0</Statistic_Count>
            <Statistic_Seconds>0</Statistic_Seconds>
            <AD_PrintFormat_ID reference="id"/>
            <WorkflowValue/>
            <AD_Workflow_ID reference="id"/>
            <IsBetaFunctionality>N</IsBetaFunctionality>
            <IsServerProcess>N</IsServerProcess>
            <ShowHelp>Y</ShowHelp>
            <JasperReport/>
            <AD_Form_ID reference="id"/>
            <CopyFromProcess/>
            <AD_Process_UU>c8c91504-4068-429d-82aa-b15f015748b3</AD_Process_UU>
            <AD_CtxHelp_ID reference="id"/>
            <ExecutionType/>
            <AllowMultipleExecution>P</AllowMultipleExecution>
            <AD_Process_Trl type="translation">
                <Help>The Parameters are default values for null import record values, they do not overwrite any data.
Note that only Prepare and Complete are valid document actions.</Help>
                <Description>Import Invoice</Description>
                <Name>FTUImport Invoice</Name>
                <AD_Language>es_CO</AD_Language>
                <IsActive>Y</IsActive>
                <IsTranslated>N</IsTranslated>
            </AD_Process_Trl>
        </AD_Process>
        <AD_Element type="table">
            <AD_Client_ID>0</AD_Client_ID>
            <AD_Org_ID>0</AD_Org_ID>
            <IsActive>Y</IsActive>
            <ColumnName>LVE_controlNumber</ColumnName>
            <Name>LVE_controlNumber</Name>
            <Description>LVE_controlNumber</Description>
            <Help>LVE_controlNumber</Help>
            <PrintName>LVE_controlNumber</PrintName>
            <PO_Description/>
            <PO_Help/>
            <PO_Name/>
            <PO_PrintName/>
            <EntityType>FTU</EntityType>
            <AD_Element_UU>6aa71700-bf12-465d-bb9f-fc9eef90ce73</AD_Element_UU>
            <Placeholder/>
            <AD_Element_Trl type="translation">
                <Help/>
                <PO_Description/>
                <PO_Help/>
                <Name>Número de Control</Name>
                <Description/>
                <PrintName>Número de Control</PrintName>
                <PO_Name/>
                <PO_PrintName/>
                <Placeholder/>
                <AD_Language>es_CO</AD_Language>
                <IsActive>Y</IsActive>
                <IsTranslated>N</IsTranslated>
            </AD_Element_Trl>
        </AD_Element>
        <AD_Column type="table">
            <IsSyncDatabase>Y</IsSyncDatabase>
            <AD_Table_ID reference="id">598</AD_Table_ID>
            <AD_Reference_Value_ID reference="id"/>
            <AD_Client_ID>0</AD_Client_ID>
            <AD_Org_ID>0</AD_Org_ID>
            <Version>0</Version>
            <Name>LVE_controlNumber</Name>
            <Description>LVE_controlNumber</Description>
            <Help>LVE_controlNumber</Help>
            <AD_Val_Rule_ID reference="id"/>
            <ColumnName>LVE_controlNumber</ColumnName>
            <DefaultValue/>
            <FieldLength>60</FieldLength>
            <IsKey>N</IsKey>
            <IsParent>N</IsParent>
            <IsMandatory>N</IsMandatory>
            <IsTranslated>N</IsTranslated>
            <IsIdentifier>N</IsIdentifier>
            <SeqNo>0</SeqNo>
            <IsEncrypted>N</IsEncrypted>
            <AD_Reference_ID reference="id">10</AD_Reference_ID>
            <IsActive>Y</IsActive>
            <VFormat/>
            <Callout/>
            <AD_Element_ID reference="uuid" reference-key="AD_Element">6aa71700-bf12-465d-bb9f-fc9eef90ce73</AD_Element_ID>
            <IsUpdateable>Y</IsUpdateable>
            <AD_Process_ID reference="id"/>
            <ValueMin/>
            <ValueMax/>
            <IsSelectionColumn>N</IsSelectionColumn>
            <ReadOnlyLogic/>
            <EntityType>FTU</EntityType>
            <IsAlwaysUpdateable>N</IsAlwaysUpdateable>
            <ColumnSQL/>
            <MandatoryLogic/>
            <IsAutocomplete>N</IsAutocomplete>
            <IsAllowLogging>Y</IsAllowLogging>
            <FormatPattern/>
            <AD_Chart_ID reference="id"/>
            <AD_Column_UU>b8c4223b-0778-4274-be8e-7c3a95f3b664</AD_Column_UU>
            <IsAllowCopy>Y</IsAllowCopy>
            <SeqNoSelection>0</SeqNoSelection>
            <IsToolbarButton>N</IsToolbarButton>
            <IsSecure>N</IsSecure>
            <FKConstraintName/>
            <FKConstraintType>N</FKConstraintType>
            <PA_DashboardContent_ID reference="id"/>
            <Placeholder/>
            <IsHtml>N</IsHtml>
        </AD_Column>
        <AD_TableIndex type="table">
            <AD_TableIndex_ID>200686</AD_TableIndex_ID>
            <AD_Client_ID>0</AD_Client_ID>
            <AD_Org_ID>0</AD_Org_ID>
            <AD_TableIndex_ID>200686</AD_TableIndex_ID>
            <AD_TableIndex_UU>b94ccb8a-bcd1-4efd-8418-0ccc9e22148b</AD_TableIndex_UU>
            <Description/>
            <EntityType>D</EntityType>
            <IsActive>Y</IsActive>
            <Name>i_invoice_uu_idx</Name>
            <AD_Table_ID reference="id">598</AD_Table_ID>
            <Help/>
            <IsCreateConstraint>N</IsCreateConstraint>
            <IsUnique>Y</IsUnique>
            <Processing>N</Processing>
            <AD_Message_ID reference="id"/>
            <TableIndexDrop/>
            <IsKey>N</IsKey>
            <AD_IndexColumn type="table">
                <AD_IndexColumn_ID>200825</AD_IndexColumn_ID>
                <AD_Client_ID>0</AD_Client_ID>
                <AD_Org_ID>0</AD_Org_ID>
                <AD_IndexColumn_ID>200825</AD_IndexColumn_ID>
                <AD_IndexColumn_UU>7df79034-6244-4600-982f-929eecfb2fdb</AD_IndexColumn_UU>
                <EntityType>D</EntityType>
                <IsActive>Y</IsActive>
                <AD_Column_ID reference="id">60839</AD_Column_ID>
                <AD_TableIndex_ID reference="id">200686</AD_TableIndex_ID>
                <ColumnSQL/>
                <SeqNo>1</SeqNo>
            </AD_IndexColumn>
        </AD_TableIndex>
        <AD_Field type="table">
            <AD_Client_ID>0</AD_Client_ID>
            <AD_Org_ID>0</AD_Org_ID>
            <Name>LVE_controlNumber</Name>
            <Description>LVE_controlNumber</Description>
            <Help>LVE_controlNumber</Help>
            <AD_Tab_ID reference="id">510</AD_Tab_ID>
            <AD_Column_ID reference="uuid" reference-key="AD_Column">b8c4223b-0778-4274-be8e-7c3a95f3b664</AD_Column_ID>
            <IsDisplayed>Y</IsDisplayed>
            <DisplayLogic/>
            <DisplayLength>60</DisplayLength>
            <SeqNo>110</SeqNo>
            <SortNo/>
            <IsSameLine>N</IsSameLine>
            <IsHeading>N</IsHeading>
            <IsFieldOnly>N</IsFieldOnly>
            <IsEncrypted>N</IsEncrypted>
            <IsActive>Y</IsActive>
            <IsReadOnly>N</IsReadOnly>
            <IsCentrallyMaintained>Y</IsCentrallyMaintained>
            <AD_FieldGroup_ID reference="id"/>
            <EntityType>FTU</EntityType>
            <ObscureType/>
            <AD_Reference_ID reference="id"/>
            <IsMandatory/>
            <DefaultValue/>
            <AD_Reference_Value_ID reference="id"/>
            <AD_Val_Rule_ID reference="id"/>
            <Included_Tab_ID reference="id"/>
            <AD_Field_UU>50541b4c-a797-4d1f-8007-3793bb6db0ac</AD_Field_UU>
            <IsAllowCopy/>
            <IsDisplayedGrid>Y</IsDisplayedGrid>
            <SeqNoGrid>580</SeqNoGrid>
            <XPosition>4</XPosition>
            <ColumnSpan>2</ColumnSpan>
            <NumLines>1</NumLines>
            <IsQuickEntry>N</IsQuickEntry>
            <IsUpdateable/>
            <IsAlwaysUpdateable/>
            <MandatoryLogic/>
            <ReadOnlyLogic/>
            <IsToolbarButton/>
            <IsDefaultFocus>N</IsDefaultFocus>
            <IsAdvancedField>N</IsAdvancedField>
            <VFormat/>
            <AD_LabelStyle_ID reference="id"/>
            <AD_FieldStyle_ID reference="id"/>
            <Placeholder/>
            <AD_Field_Trl type="translation">
                <Help/>
                <Description/>
                <Name>Número de Control</Name>
                <Placeholder/>
                <AD_Language>es_CO</AD_Language>
                <IsActive>Y</IsActive>
                <IsTranslated>N</IsTranslated>
            </AD_Field_Trl>
        </AD_Field>
    </AD_Menu>
</idempiere>
