<?xml version="1.0" encoding="UTF-8"?><idempiere Name="net.frontuari.importdataprocess_2.1.4" Version="2.1.4" idempiereVersion="" DataBaseVersion="" Description="" Author="" AuthorEmail="" CreatedDate="2020-10-27 18:46:43.068" UpdatedDate="2020-10-27 18:47:17.503" PackOutVersion="100" UpdateDictionary="true" Client="0-SYSTEM-System" AD_Client_UU="11237b53-9592-4af1-b3c5-afd216514b5d">
    <AD_Process type="table">
        <AD_Process_ID>220</AD_Process_ID>
        <AD_Client_ID>0</AD_Client_ID>
        <AD_Org_ID>0</AD_Org_ID>
        <AD_Process_ID>220</AD_Process_ID>
        <IsActive>Y</IsActive>
        <Name>Import Journal</Name>
        <Description>Import General Ledger Batch/Journal/Line</Description>
        <Help>The Parameters are default values for null import record values, they do not overwrite any data.</Help>
        <ProcedureName/>
        <IsReport>N</IsReport>
        <Value>Import_GLJournal</Value>
        <IsDirectPrint>N</IsDirectPrint>
        <AD_ReportView_ID reference="id"/>
        <Classname>net.frontuari.process.ImportGLJournal</Classname>
        <AccessLevel>1</AccessLevel>
        <EntityType>D</EntityType>
        <Statistic_Count>38</Statistic_Count>
        <Statistic_Seconds>1732</Statistic_Seconds>
        <AD_PrintFormat_ID reference="id"/>
        <WorkflowValue/>
        <AD_Workflow_ID reference="id"/>
        <IsBetaFunctionality>N</IsBetaFunctionality>
        <IsServerProcess>N</IsServerProcess>
        <ShowHelp>Y</ShowHelp>
        <JasperReport/>
        <AD_Form_ID reference="id"/>
        <CopyFromProcess/>
        <AD_Process_UU>4fbcf023-2c44-4316-bdaf-5c1f0bf3b874</AD_Process_UU>
        <AD_CtxHelp_ID reference="id"/>
        <ExecutionType/>
        <AllowMultipleExecution/>
        <AD_Process_Trl type="translation">
            <Help>Los parámetros son valores prefijados para los valores nulos del registro de la importación, ellos no sobreescriben ningunos datos.</Help>
            <Description>Importa Contabilidad General Lote/Nota/Línea</Description>
            <Name>Importa Nota Contable</Name>
            <AD_Language>es_CO</AD_Language>
            <IsActive>Y</IsActive>
            <IsTranslated>Y</IsTranslated>
        </AD_Process_Trl>
    </AD_Process>
</idempiere>
