<?xml version="1.0" encoding="UTF-8"?><idempiere Name="AD_ImpFormat" Version="1.0.0" idempiereVersion="7.1.0.qualifier" DataBaseVersion="2019-11-22" Description="" Author="cVargas" AuthorEmail="" CreatedDate="Thu Apr 30 12:07:40 VET 2020" UpdatedDate="Thu Apr 30 12:07:40 VET 2020" PackOutVersion="100" UpdateDictionary="true" Client="0-SYSTEM-System" AD_Client_UU="11237b53-9592-4af1-b3c5-afd216514b5d">
    <AD_ImpFormat type="table">
        <AD_Org_ID>0</AD_Org_ID>
        <IsActive>Y</IsActive>
        <Name>Importar Cuentas Bancarias de Tercero</Name>
        <Description/>
        <FormatType>U</FormatType>
        <AD_Table_ID reference="uuid" reference-key="AD_Table">7a9e6629-179e-4d3a-a290-35d6851736c3</AD_Table_ID>
        <Processing>N</Processing>
        <SeparatorChar>;</SeparatorChar>
        <AD_ImpFormat_UU>2de1bd4c-9a3e-45d6-b06e-1c91d0fe6385</AD_ImpFormat_UU>
        <AD_ImpFormat_Row type="table">
            <AD_Org_ID>0</AD_Org_ID>
            <IsActive>Y</IsActive>
            <Name>Codigo de Tercero</Name>
            <AD_ImpFormat_ID reference="uuid" reference-key="AD_ImpFormat">2de1bd4c-9a3e-45d6-b06e-1c91d0fe6385</AD_ImpFormat_ID>
            <SeqNo>10</SeqNo>
            <StartNo>1</StartNo>
            <EndNo>0</EndNo>
            <DataType>S</DataType>
            <DataFormat/>
            <DecimalPoint>.</DecimalPoint>
            <DivideBy100>N</DivideBy100>
            <AD_Column_ID reference="uuid" reference-key="AD_Column">5937428c-e629-44e3-acae-c9980b43a5db</AD_Column_ID>
            <Callout/>
            <ConstantValue/>
            <Script/>
            <AD_ImpFormat_Row_UU>a743d589-b5e2-4e8c-b3c7-53a404c051bc</AD_ImpFormat_Row_UU>
        </AD_ImpFormat_Row>
        <AD_ImpFormat_Row type="table">
            <AD_Org_ID>0</AD_Org_ID>
            <IsActive>Y</IsActive>
            <Name>ID Tercero</Name>
            <AD_ImpFormat_ID reference="uuid" reference-key="AD_ImpFormat">2de1bd4c-9a3e-45d6-b06e-1c91d0fe6385</AD_ImpFormat_ID>
            <SeqNo>20</SeqNo>
            <StartNo>2</StartNo>
            <EndNo>0</EndNo>
            <DataType>N</DataType>
            <DataFormat/>
            <DecimalPoint>.</DecimalPoint>
            <DivideBy100>N</DivideBy100>
            <AD_Column_ID reference="uuid" reference-key="AD_Column">829f1784-93ff-4178-8537-90ed9338fb77</AD_Column_ID>
            <Callout/>
            <ConstantValue/>
            <Script/>
            <AD_ImpFormat_Row_UU>2cf96905-0b8e-4d2d-9ead-f21ff22638a3</AD_ImpFormat_Row_UU>
        </AD_ImpFormat_Row>
        <AD_ImpFormat_Row type="table">
            <AD_Org_ID>0</AD_Org_ID>
            <IsActive>Y</IsActive>
            <Name>Nombre del Banco</Name>
            <AD_ImpFormat_ID reference="uuid" reference-key="AD_ImpFormat">2de1bd4c-9a3e-45d6-b06e-1c91d0fe6385</AD_ImpFormat_ID>
            <SeqNo>30</SeqNo>
            <StartNo>3</StartNo>
            <EndNo>0</EndNo>
            <DataType>S</DataType>
            <DataFormat/>
            <DecimalPoint>.</DecimalPoint>
            <DivideBy100>N</DivideBy100>
            <AD_Column_ID reference="uuid" reference-key="AD_Column">d03821b0-dcc3-4c75-b7ed-d9cf2e96edb3</AD_Column_ID>
            <Callout/>
            <ConstantValue/>
            <Script/>
            <AD_ImpFormat_Row_UU>ed6186a8-7e36-492d-b195-a9ab6b9b2e13</AD_ImpFormat_Row_UU>
        </AD_ImpFormat_Row>
        <AD_ImpFormat_Row type="table">
            <AD_Org_ID>0</AD_Org_ID>
            <IsActive>Y</IsActive>
            <Name>ID Banco</Name>
            <AD_ImpFormat_ID reference="uuid" reference-key="AD_ImpFormat">2de1bd4c-9a3e-45d6-b06e-1c91d0fe6385</AD_ImpFormat_ID>
            <SeqNo>40</SeqNo>
            <StartNo>4</StartNo>
            <EndNo>0</EndNo>
            <DataType>N</DataType>
            <DataFormat/>
            <DecimalPoint>.</DecimalPoint>
            <DivideBy100>N</DivideBy100>
            <AD_Column_ID reference="uuid" reference-key="AD_Column">016b2785-dc4e-4c88-9f69-3bb00ce6acce</AD_Column_ID>
            <Callout/>
            <ConstantValue/>
            <Script/>
            <AD_ImpFormat_Row_UU>caa944f9-b05b-4e74-8224-d13d4225e236</AD_ImpFormat_Row_UU>
        </AD_ImpFormat_Row>
        <AD_ImpFormat_Row type="table">
            <AD_Org_ID>0</AD_Org_ID>
            <IsActive>Y</IsActive>
            <Name>Uso de la Cuenta</Name>
            <AD_ImpFormat_ID reference="uuid" reference-key="AD_ImpFormat">2de1bd4c-9a3e-45d6-b06e-1c91d0fe6385</AD_ImpFormat_ID>
            <SeqNo>50</SeqNo>
            <StartNo>5</StartNo>
            <EndNo>0</EndNo>
            <DataType>S</DataType>
            <DataFormat/>
            <DecimalPoint>.</DecimalPoint>
            <DivideBy100>N</DivideBy100>
            <AD_Column_ID reference="uuid" reference-key="AD_Column">2d4d75e5-13ca-49eb-a26e-a65d693c31a5</AD_Column_ID>
            <Callout/>
            <ConstantValue/>
            <Script/>
            <AD_ImpFormat_Row_UU>f069fb4b-c702-49cc-9e10-6db47996f4b8</AD_ImpFormat_Row_UU>
        </AD_ImpFormat_Row>
        <AD_ImpFormat_Row type="table">
            <AD_Org_ID>0</AD_Org_ID>
            <IsActive>Y</IsActive>
            <Name>Tipo de Cuenta </Name>
            <AD_ImpFormat_ID reference="uuid" reference-key="AD_ImpFormat">2de1bd4c-9a3e-45d6-b06e-1c91d0fe6385</AD_ImpFormat_ID>
            <SeqNo>60</SeqNo>
            <StartNo>6</StartNo>
            <EndNo>0</EndNo>
            <DataType>S</DataType>
            <DataFormat/>
            <DecimalPoint>.</DecimalPoint>
            <DivideBy100>N</DivideBy100>
            <AD_Column_ID reference="uuid" reference-key="AD_Column">82ee192b-9cb0-4580-983b-589f2cb58578</AD_Column_ID>
            <Callout/>
            <ConstantValue/>
            <Script/>
            <AD_ImpFormat_Row_UU>e7adc7c8-b0d9-4629-ab9e-28b273bd9b54</AD_ImpFormat_Row_UU>
        </AD_ImpFormat_Row>
        <AD_ImpFormat_Row type="table">
            <AD_Org_ID>0</AD_Org_ID>
            <IsActive>Y</IsActive>
            <Name>Numero de Ruta</Name>
            <AD_ImpFormat_ID reference="uuid" reference-key="AD_ImpFormat">2de1bd4c-9a3e-45d6-b06e-1c91d0fe6385</AD_ImpFormat_ID>
            <SeqNo>70</SeqNo>
            <StartNo>7</StartNo>
            <EndNo>0</EndNo>
            <DataType>S</DataType>
            <DataFormat/>
            <DecimalPoint>.</DecimalPoint>
            <DivideBy100>N</DivideBy100>
            <AD_Column_ID reference="uuid" reference-key="AD_Column">4c39074f-81a3-4d3e-affb-8937cd0299ff</AD_Column_ID>
            <Callout/>
            <ConstantValue/>
            <Script/>
            <AD_ImpFormat_Row_UU>d3dec21f-49a9-48ed-bdb8-3dffa358757c</AD_ImpFormat_Row_UU>
        </AD_ImpFormat_Row>
        <AD_ImpFormat_Row type="table">
            <AD_Org_ID>0</AD_Org_ID>
            <IsActive>Y</IsActive>
            <Name>Numero de Cuenta</Name>
            <AD_ImpFormat_ID reference="uuid" reference-key="AD_ImpFormat">2de1bd4c-9a3e-45d6-b06e-1c91d0fe6385</AD_ImpFormat_ID>
            <SeqNo>80</SeqNo>
            <StartNo>8</StartNo>
            <EndNo>0</EndNo>
            <DataType>S</DataType>
            <DataFormat/>
            <DecimalPoint>.</DecimalPoint>
            <DivideBy100>N</DivideBy100>
            <AD_Column_ID reference="uuid" reference-key="AD_Column">9a94da31-5688-48de-a79e-20dfe1b0ce40</AD_Column_ID>
            <Callout/>
            <ConstantValue/>
            <Script/>
            <AD_ImpFormat_Row_UU>9a94b299-b95a-4dff-b6a4-8f912ccc892e</AD_ImpFormat_Row_UU>
        </AD_ImpFormat_Row>
        <AD_ImpFormat_Row type="table">
            <AD_Org_ID>0</AD_Org_ID>
            <IsActive>Y</IsActive>
            <Name>IBAN</Name>
            <AD_ImpFormat_ID reference="uuid" reference-key="AD_ImpFormat">2de1bd4c-9a3e-45d6-b06e-1c91d0fe6385</AD_ImpFormat_ID>
            <SeqNo>90</SeqNo>
            <StartNo>9</StartNo>
            <EndNo>0</EndNo>
            <DataType>S</DataType>
            <DataFormat/>
            <DecimalPoint>.</DecimalPoint>
            <DivideBy100>N</DivideBy100>
            <AD_Column_ID reference="uuid" reference-key="AD_Column">57875724-08ce-452b-85bd-c2cf6664174b</AD_Column_ID>
            <Callout/>
            <ConstantValue/>
            <Script/>
            <AD_ImpFormat_Row_UU>91cb7502-b4eb-4075-9229-9d6f11ed891d</AD_ImpFormat_Row_UU>
        </AD_ImpFormat_Row>
        <AD_ImpFormat_Row type="table">
            <AD_Org_ID>0</AD_Org_ID>
            <IsActive>Y</IsActive>
            <Name>Nombre Cuenta</Name>
            <AD_ImpFormat_ID reference="uuid" reference-key="AD_ImpFormat">2de1bd4c-9a3e-45d6-b06e-1c91d0fe6385</AD_ImpFormat_ID>
            <SeqNo>100</SeqNo>
            <StartNo>10</StartNo>
            <EndNo>0</EndNo>
            <DataType>S</DataType>
            <DataFormat/>
            <DecimalPoint>.</DecimalPoint>
            <DivideBy100>N</DivideBy100>
            <AD_Column_ID reference="uuid" reference-key="AD_Column">3237a6ba-9a5b-4707-be61-832d2784949b</AD_Column_ID>
            <Callout/>
            <ConstantValue/>
            <Script/>
            <AD_ImpFormat_Row_UU>68fa3190-981d-4f87-b336-e01657c24eaf</AD_ImpFormat_Row_UU>
        </AD_ImpFormat_Row>
        <AD_ImpFormat_Row type="table">
            <AD_Org_ID>0</AD_Org_ID>
            <IsActive>Y</IsActive>
            <Name>Nro Seguro Social</Name>
            <AD_ImpFormat_ID reference="uuid" reference-key="AD_ImpFormat">2de1bd4c-9a3e-45d6-b06e-1c91d0fe6385</AD_ImpFormat_ID>
            <SeqNo>110</SeqNo>
            <StartNo>11</StartNo>
            <EndNo>0</EndNo>
            <DataType>S</DataType>
            <DataFormat/>
            <DecimalPoint>.</DecimalPoint>
            <DivideBy100>N</DivideBy100>
            <AD_Column_ID reference="uuid" reference-key="AD_Column">c1551825-3caa-4bff-8193-601d827bb1af</AD_Column_ID>
            <Callout/>
            <ConstantValue/>
            <Script/>
            <AD_ImpFormat_Row_UU>eb4cd438-28c5-474b-a64c-fff61184f8c5</AD_ImpFormat_Row_UU>
        </AD_ImpFormat_Row>
    </AD_ImpFormat>
</idempiere>
